FirstName,LastName,Username,Password,OU
James,Smith,jamessmith0,Pass0!,"OU=HR,DC=lacasa,DC=de,DC=hotello"
Jane,Johnson,janejohnson1,Pass1!,"OU=Marketing,DC=lacasa,DC=de,DC=hotello"
Jane,Doe,janedoe2,Pass2!,"OU=Marketing,DC=lacasa,DC=de,DC=hotello"
Sarah,Johnson,sarahjohnson3,Pass3!,"OU=Marketing,DC=lacasa,DC=de,DC=hotello"
John,Martinez,johnmartinez4,Pass4!,"OU=Finance,DC=lacasa,DC=de,DC=hotello"
John,Garcia,johngarcia5,Pass5!,"OU=Finance,DC=lacasa,DC=de,DC=hotello"
Emily,Martinez,emilymartinez6,Pass6!,"OU=HR,DC=lacasa,DC=de,DC=hotello"
Michael,Garcia,michaelgarcia7,Pass7!,"OU=Finance,DC=lacasa,DC=de,DC=hotello"
Anna,Rodriguez,annarodriguez8,Pass8!,"OU=HR,DC=lacasa,DC=de,DC=hotello"
James,Martinez,jamesmartinez9,Pass9!,"OU=IT,DC=lacasa,DC=de,DC=hotello"
David,Johnson,davidjohnson10,Pass10!,"OU=Marketing,DC=lacasa,DC=de,DC=hotello"
Laura,Jones,laurajones11,Pass11!,"OU=HR,DC=lacasa,DC=de,DC=hotello"
David,Brown,davidbrown12,Pass12!,"OU=IT,DC=lacasa,DC=de,DC=hotello"
Laura,Martinez,lauramartinez13,Pass13!,"OU=IT,DC=lacasa,DC=de,DC=hotello"
James,Brown,jamesbrown14,Pass14!,"OU=Finance,DC=lacasa,DC=de,DC=hotello"
Emily,Smith,emilysmith15,Pass15!,"OU=HR,DC=lacasa,DC=de,DC=hotello"
Emily,Johnson,emilyjohnson16,Pass16!,"OU=IT,DC=lacasa,DC=de,DC=hotello"
James,Jones,jamesjones17,Pass17!,"OU=HR,DC=lacasa,DC=de,DC=hotello"
Sarah,Davis,sarahdavis18,Pass18!,"OU=Finance,DC=lacasa,DC=de,DC=hotello"
Anna,Smith,annasmith19,Pass19!,"OU=IT,DC=lacasa,DC=de,DC=hotello"
Jane,Jones,janejones20,Pass20!,"OU=Marketing,DC=lacasa,DC=de,DC=hotello"
Laura,Doe,lauradoe21,Pass21!,"OU=HR,DC=lacasa,DC=de,DC=hotello"
James,Smith,jamessmith22,Pass22!,"OU=Marketing,DC=lacasa,DC=de,DC=hotello"
James,Williams,jameswilliams23,Pass23!,"OU=Marketing,DC=lacasa,DC=de,DC=hotello"
Jane,Jones,janejones24,Pass24!,"OU=Finance,DC=lacasa,DC=de,DC=hotello"
David,Martinez,davidmartinez25,Pass25!,"OU=Marketing,DC=lacasa,DC=de,DC=hotello"
Sarah,Doe,sarahdoe26,Pass26!,"OU=Finance,DC=lacasa,DC=de,DC=hotello"
Emily,Williams,emilywilliams27,Pass27!,"OU=HR,DC=lacasa,DC=de,DC=hotello"
James,Doe,jamesdoe28,Pass28!,"OU=Marketing,DC=lacasa,DC=de,DC=hotello"
Jane,Williams,janewilliams29,Pass29!,"OU=Marketing,DC=lacasa,DC=de,DC=hotello"
James,Smith,jamessmith30,Pass30!,"OU=IT,DC=lacasa,DC=de,DC=hotello"
David,Doe,daviddoe31,Pass31!,"OU=Finance,DC=lacasa,DC=de,DC=hotello"
Michael,Johnson,michaeljohnson32,Pass32!,"OU=Marketing,DC=lacasa,DC=de,DC=hotello"
Michael,Williams,michaelwilliams33,Pass33!,"OU=Marketing,DC=lacasa,DC=de,DC=hotello"
Jane,Williams,janewilliams34,Pass34!,"OU=Finance,DC=lacasa,DC=de,DC=hotello"
Jane,Williams,janewilliams35,Pass35!,"OU=Marketing,DC=lacasa,DC=de,DC=hotello"
Anna,Johnson,annajohnson36,Pass36!,"OU=Finance,DC=lacasa,DC=de,DC=hotello"
Sarah,Garcia,sarahgarcia37,Pass37!,"OU=HR,DC=lacasa,DC=de,DC=hotello"
Sarah,Martinez,sarahmartinez38,Pass38!,"OU=Finance,DC=lacasa,DC=de,DC=hotello"
Emily,Williams,emilywilliams39,Pass39!,"OU=Marketing,DC=lacasa,DC=de,DC=hotello"
James,Martinez,jamesmartinez40,Pass40!,"OU=IT,DC=lacasa,DC=de,DC=hotello"
Michael,Martinez,michaelmartinez41,Pass41!,"OU=IT,DC=lacasa,DC=de,DC=hotello"
Anna,Rodriguez,annarodriguez42,Pass42!,"OU=Marketing,DC=lacasa,DC=de,DC=hotello"
David,Jones,davidjones43,Pass43!,"OU=Finance,DC=lacasa,DC=de,DC=hotello"
Laura,Rodriguez,laurarodriguez44,Pass44!,"OU=Marketing,DC=lacasa,DC=de,DC=hotello"
David,Doe,daviddoe45,Pass45!,"OU=Marketing,DC=lacasa,DC=de,DC=hotello"
Laura,Rodriguez,laurarodriguez46,Pass46!,"OU=HR,DC=lacasa,DC=de,DC=hotello"
Emily,Brown,emilybrown47,Pass47!,"OU=IT,DC=lacasa,DC=de,DC=hotello"
Anna,Doe,annadoe48,Pass48!,"OU=HR,DC=lacasa,DC=de,DC=hotello"
David,Davis,daviddavis49,Pass49!,"OU=Finance,DC=lacasa,DC=de,DC=hotello"
John,Rodriguez,johnrodriguez50,Pass50!,"OU=Finance,DC=lacasa,DC=de,DC=hotello"
John,Jones,johnjones51,Pass51!,"OU=Marketing,DC=lacasa,DC=de,DC=hotello"
David,Davis,daviddavis52,Pass52!,"OU=HR,DC=lacasa,DC=de,DC=hotello"
Chris,Davis,chrisdavis53,Pass53!,"OU=HR,DC=lacasa,DC=de,DC=hotello"
James,Garcia,jamesgarcia54,Pass54!,"OU=HR,DC=lacasa,DC=de,DC=hotello"
James,Johnson,jamesjohnson55,Pass55!,"OU=IT,DC=lacasa,DC=de,DC=hotello"
Emily,Jones,emilyjones56,Pass56!,"OU=HR,DC=lacasa,DC=de,DC=hotello"
James,Williams,jameswilliams57,Pass57!,"OU=Marketing,DC=lacasa,DC=de,DC=hotello"
James,Garcia,jamesgarcia58,Pass58!,"OU=IT,DC=lacasa,DC=de,DC=hotello"
Laura,Williams,laurawilliams59,Pass59!,"OU=Finance,DC=lacasa,DC=de,DC=hotello"
Anna,Rodriguez,annarodriguez60,Pass60!,"OU=HR,DC=lacasa,DC=de,DC=hotello"
Laura,Doe,lauradoe61,Pass61!,"OU=Marketing,DC=lacasa,DC=de,DC=hotello"
James,Smith,jamessmith62,Pass62!,"OU=HR,DC=lacasa,DC=de,DC=hotello"
David,Brown,davidbrown63,Pass63!,"OU=Finance,DC=lacasa,DC=de,DC=hotello"
Anna,Doe,annadoe64,Pass64!,"OU=Finance,DC=lacasa,DC=de,DC=hotello"
Emily,Brown,emilybrown65,Pass65!,"OU=Finance,DC=lacasa,DC=de,DC=hotello"
David,Smith,davidsmith66,Pass66!,"OU=Marketing,DC=lacasa,DC=de,DC=hotello"
Sarah,Smith,sarahsmith67,Pass67!,"OU=HR,DC=lacasa,DC=de,DC=hotello"
Laura,Davis,lauradavis68,Pass68!,"OU=Marketing,DC=lacasa,DC=de,DC=hotello"
David,Davis,daviddavis69,Pass69!,"OU=IT,DC=lacasa,DC=de,DC=hotello"
Michael,Johnson,michaeljohnson70,Pass70!,"OU=HR,DC=lacasa,DC=de,DC=hotello"
David,Garcia,davidgarcia71,Pass71!,"OU=Finance,DC=lacasa,DC=de,DC=hotello"
Anna,Johnson,annajohnson72,Pass72!,"OU=Marketing,DC=lacasa,DC=de,DC=hotello"
Sarah,Martinez,sarahmartinez73,Pass73!,"OU=Marketing,DC=lacasa,DC=de,DC=hotello"
David,Rodriguez,davidrodriguez74,Pass74!,"OU=IT,DC=lacasa,DC=de,DC=hotello"
David,Doe,daviddoe75,Pass75!,"OU=IT,DC=lacasa,DC=de,DC=hotello"
Michael,Davis,michaeldavis76,Pass76!,"OU=Marketing,DC=lacasa,DC=de,DC=hotello"
Chris,Jones,chrisjones77,Pass77!,"OU=IT,DC=lacasa,DC=de,DC=hotello"
Anna,Doe,annadoe78,Pass78!,"OU=Finance,DC=lacasa,DC=de,DC=hotello"
Emily,Davis,emilydavis79,Pass79!,"OU=Marketing,DC=lacasa,DC=de,DC=hotello"
Chris,Davis,chrisdavis80,Pass80!,"OU=HR,DC=lacasa,DC=de,DC=hotello"
Laura,Smith,laurasmith81,Pass81!,"OU=Marketing,DC=lacasa,DC=de,DC=hotello"
Anna,Johnson,annajohnson82,Pass82!,"OU=IT,DC=lacasa,DC=de,DC=hotello"
Jane,Brown,janebrown83,Pass83!,"OU=Finance,DC=lacasa,DC=de,DC=hotello"
James,Davis,jamesdavis84,Pass84!,"OU=Marketing,DC=lacasa,DC=de,DC=hotello"
David,Doe,daviddoe85,Pass85!,"OU=HR,DC=lacasa,DC=de,DC=hotello"
David,Davis,daviddavis86,Pass86!,"OU=HR,DC=lacasa,DC=de,DC=hotello"
David,Davis,daviddavis87,Pass87!,"OU=IT,DC=lacasa,DC=de,DC=hotello"
Chris,Doe,chrisdoe88,Pass88!,"OU=HR,DC=lacasa,DC=de,DC=hotello"
Chris,Brown,chrisbrown89,Pass89!,"OU=Marketing,DC=lacasa,DC=de,DC=hotello"
Laura,Doe,lauradoe90,Pass90!,"OU=IT,DC=lacasa,DC=de,DC=hotello"
Sarah,Garcia,sarahgarcia91,Pass91!,"OU=Marketing,DC=lacasa,DC=de,DC=hotello"
John,Brown,johnbrown92,Pass92!,"OU=Marketing,DC=lacasa,DC=de,DC=hotello"
Sarah,Jones,sarahjones93,Pass93!,"OU=IT,DC=lacasa,DC=de,DC=hotello"
Laura,Smith,laurasmith94,Pass94!,"OU=IT,DC=lacasa,DC=de,DC=hotello"
John,Smith,johnsmith95,Pass95!,"OU=Marketing,DC=lacasa,DC=de,DC=hotello"
Michael,Johnson,michaeljohnson96,Pass96!,"OU=HR,DC=lacasa,DC=de,DC=hotello"
Chris,Martinez,chrismartinez97,Pass97!,"OU=IT,DC=lacasa,DC=de,DC=hotello"
Michael,Johnson,michaeljohnson98,Pass98!,"OU=IT,DC=lacasa,DC=de,DC=hotello"
Anna,Brown,annabrown99,Pass99!,"OU=HR,DC=lacasa,DC=de,DC=hotello"
Emily,Smith,emilysmith100,Pass100!,"OU=Marketing,DC=lacasa,DC=de,DC=hotello"
Emily,Smith,emilysmith101,Pass101!,"OU=HR,DC=lacasa,DC=de,DC=hotello"
Laura,Doe,lauradoe102,Pass102!,"OU=Finance,DC=lacasa,DC=de,DC=hotello"
Emily,Jones,emilyjones103,Pass103!,"OU=Finance,DC=lacasa,DC=de,DC=hotello"
James,Williams,jameswilliams104,Pass104!,"OU=HR,DC=lacasa,DC=de,DC=hotello"
Chris,Garcia,chrisgarcia105,Pass105!,"OU=Finance,DC=lacasa,DC=de,DC=hotello"
Laura,Garcia,lauragarcia106,Pass106!,"OU=HR,DC=lacasa,DC=de,DC=hotello"
Sarah,Jones,sarahjones107,Pass107!,"OU=Finance,DC=lacasa,DC=de,DC=hotello"
Jane,Rodriguez,janerodriguez108,Pass108!,"OU=Marketing,DC=lacasa,DC=de,DC=hotello"
Michael,Smith,michaelsmith109,Pass109!,"OU=HR,DC=lacasa,DC=de,DC=hotello"
David,Doe,daviddoe110,Pass110!,"OU=HR,DC=lacasa,DC=de,DC=hotello"
Jane,Rodriguez,janerodriguez111,Pass111!,"OU=Marketing,DC=lacasa,DC=de,DC=hotello"
Michael,Brown,michaelbrown112,Pass112!,"OU=Finance,DC=lacasa,DC=de,DC=hotello"
Laura,Rodriguez,laurarodriguez113,Pass113!,"OU=HR,DC=lacasa,DC=de,DC=hotello"
James,Williams,jameswilliams114,Pass114!,"OU=IT,DC=lacasa,DC=de,DC=hotello"
David,Smith,davidsmith115,Pass115!,"OU=IT,DC=lacasa,DC=de,DC=hotello"
James,Johnson,jamesjohnson116,Pass116!,"OU=HR,DC=lacasa,DC=de,DC=hotello"
Laura,Davis,lauradavis117,Pass117!,"OU=IT,DC=lacasa,DC=de,DC=hotello"
Chris,Williams,chriswilliams118,Pass118!,"OU=Finance,DC=lacasa,DC=de,DC=hotello"
James,Williams,jameswilliams119,Pass119!,"OU=IT,DC=lacasa,DC=de,DC=hotello"
Michael,Smith,michaelsmith120,Pass120!,"OU=IT,DC=lacasa,DC=de,DC=hotello"
Sarah,Smith,sarahsmith121,Pass121!,"OU=IT,DC=lacasa,DC=de,DC=hotello"
David,Johnson,davidjohnson122,Pass122!,"OU=Finance,DC=lacasa,DC=de,DC=hotello"
Chris,Doe,chrisdoe123,Pass123!,"OU=HR,DC=lacasa,DC=de,DC=hotello"
Michael,Smith,michaelsmith124,Pass124!,"OU=Marketing,DC=lacasa,DC=de,DC=hotello"
Anna,Williams,annawilliams125,Pass125!,"OU=Marketing,DC=lacasa,DC=de,DC=hotello"
Anna,Rodriguez,annarodriguez126,Pass126!,"OU=Marketing,DC=lacasa,DC=de,DC=hotello"
Sarah,Martinez,sarahmartinez127,Pass127!,"OU=IT,DC=lacasa,DC=de,DC=hotello"
David,Garcia,davidgarcia128,Pass128!,"OU=Finance,DC=lacasa,DC=de,DC=hotello"
John,Smith,johnsmith129,Pass129!,"OU=Finance,DC=lacasa,DC=de,DC=hotello"
David,Martinez,davidmartinez130,Pass130!,"OU=IT,DC=lacasa,DC=de,DC=hotello"
Michael,Brown,michaelbrown131,Pass131!,"OU=HR,DC=lacasa,DC=de,DC=hotello"
Sarah,Rodriguez,sarahrodriguez132,Pass132!,"OU=HR,DC=lacasa,DC=de,DC=hotello"
Laura,Williams,laurawilliams133,Pass133!,"OU=Finance,DC=lacasa,DC=de,DC=hotello"
Michael,Martinez,michaelmartinez134,Pass134!,"OU=Finance,DC=lacasa,DC=de,DC=hotello"
David,Jones,davidjones135,Pass135!,"OU=IT,DC=lacasa,DC=de,DC=hotello"
David,Johnson,davidjohnson136,Pass136!,"OU=HR,DC=lacasa,DC=de,DC=hotello"
Jane,Martinez,janemartinez137,Pass137!,"OU=HR,DC=lacasa,DC=de,DC=hotello"
Chris,Johnson,chrisjohnson138,Pass138!,"OU=Finance,DC=lacasa,DC=de,DC=hotello"
Emily,Williams,emilywilliams139,Pass139!,"OU=Finance,DC=lacasa,DC=de,DC=hotello"
Laura,Garcia,lauragarcia140,Pass140!,"OU=IT,DC=lacasa,DC=de,DC=hotello"
James,Martinez,jamesmartinez141,Pass141!,"OU=Finance,DC=lacasa,DC=de,DC=hotello"
Jane,Brown,janebrown142,Pass142!,"OU=IT,DC=lacasa,DC=de,DC=hotello"
David,Davis,daviddavis143,Pass143!,"OU=Finance,DC=lacasa,DC=de,DC=hotello"
James,Johnson,jamesjohnson144,Pass144!,"OU=Finance,DC=lacasa,DC=de,DC=hotello"
Chris,Williams,chriswilliams145,Pass145!,"OU=IT,DC=lacasa,DC=de,DC=hotello"
Sarah,Davis,sarahdavis146,Pass146!,"OU=Finance,DC=lacasa,DC=de,DC=hotello"
Michael,Doe,michaeldoe147,Pass147!,"OU=IT,DC=lacasa,DC=de,DC=hotello"
Emily,Garcia,emilygarcia148,Pass148!,"OU=Marketing,DC=lacasa,DC=de,DC=hotello"
Michael,Davis,michaeldavis149,Pass149!,"OU=IT,DC=lacasa,DC=de,DC=hotello"
Laura,Johnson,laurajohnson150,Pass150!,"OU=Finance,DC=lacasa,DC=de,DC=hotello"
Emily,Brown,emilybrown151,Pass151!,"OU=IT,DC=lacasa,DC=de,DC=hotello"
Chris,Williams,chriswilliams152,Pass152!,"OU=Finance,DC=lacasa,DC=de,DC=hotello"
Jane,Williams,janewilliams153,Pass153!,"OU=HR,DC=lacasa,DC=de,DC=hotello"
Jane,Johnson,janejohnson154,Pass154!,"OU=IT,DC=lacasa,DC=de,DC=hotello"
John,Smith,johnsmith155,Pass155!,"OU=Marketing,DC=lacasa,DC=de,DC=hotello"
James,Doe,jamesdoe156,Pass156!,"OU=HR,DC=lacasa,DC=de,DC=hotello"
Emily,Williams,emilywilliams157,Pass157!,"OU=HR,DC=lacasa,DC=de,DC=hotello"
Chris,Brown,chrisbrown158,Pass158!,"OU=Finance,DC=lacasa,DC=de,DC=hotello"
Laura,Jones,laurajones159,Pass159!,"OU=Finance,DC=lacasa,DC=de,DC=hotello"
Chris,Doe,chrisdoe160,Pass160!,"OU=Finance,DC=lacasa,DC=de,DC=hotello"
John,Brown,johnbrown161,Pass161!,"OU=HR,DC=lacasa,DC=de,DC=hotello"
Sarah,Garcia,sarahgarcia162,Pass162!,"OU=Finance,DC=lacasa,DC=de,DC=hotello"
Laura,Smith,laurasmith163,Pass163!,"OU=Finance,DC=lacasa,DC=de,DC=hotello"
Chris,Jones,chrisjones164,Pass164!,"OU=Marketing,DC=lacasa,DC=de,DC=hotello"
Sarah,Doe,sarahdoe165,Pass165!,"OU=Finance,DC=lacasa,DC=de,DC=hotello"
Emily,Brown,emilybrown166,Pass166!,"OU=Marketing,DC=lacasa,DC=de,DC=hotello"
Chris,Johnson,chrisjohnson167,Pass167!,"OU=HR,DC=lacasa,DC=de,DC=hotello"
James,Jones,jamesjones168,Pass168!,"OU=Finance,DC=lacasa,DC=de,DC=hotello"
Laura,Martinez,lauramartinez169,Pass169!,"OU=Finance,DC=lacasa,DC=de,DC=hotello"
Laura,Davis,lauradavis170,Pass170!,"OU=HR,DC=lacasa,DC=de,DC=hotello"
Laura,Johnson,laurajohnson171,Pass171!,"OU=Marketing,DC=lacasa,DC=de,DC=hotello"
Jane,Garcia,janegarcia172,Pass172!,"OU=IT,DC=lacasa,DC=de,DC=hotello"
David,Williams,davidwilliams173,Pass173!,"OU=IT,DC=lacasa,DC=de,DC=hotello"
Emily,Doe,emilydoe174,Pass174!,"OU=IT,DC=lacasa,DC=de,DC=hotello"
Laura,Smith,laurasmith175,Pass175!,"OU=HR,DC=lacasa,DC=de,DC=hotello"
James,Brown,jamesbrown176,Pass176!,"OU=IT,DC=lacasa,DC=de,DC=hotello"
Jane,Brown,janebrown177,Pass177!,"OU=IT,DC=lacasa,DC=de,DC=hotello"
John,Williams,johnwilliams178,Pass178!,"OU=Marketing,DC=lacasa,DC=de,DC=hotello"
Emily,Martinez,emilymartinez179,Pass179!,"OU=Marketing,DC=lacasa,DC=de,DC=hotello"
Chris,Williams,chriswilliams180,Pass180!,"OU=IT,DC=lacasa,DC=de,DC=hotello"
Laura,Martinez,lauramartinez181,Pass181!,"OU=HR,DC=lacasa,DC=de,DC=hotello"
Chris,Smith,chrissmith182,Pass182!,"OU=Finance,DC=lacasa,DC=de,DC=hotello"
Jane,Smith,janesmith183,Pass183!,"OU=IT,DC=lacasa,DC=de,DC=hotello"
Emily,Smith,emilysmith184,Pass184!,"OU=Finance,DC=lacasa,DC=de,DC=hotello"
Laura,Doe,lauradoe185,Pass185!,"OU=IT,DC=lacasa,DC=de,DC=hotello"
Chris,Doe,chrisdoe186,Pass186!,"OU=IT,DC=lacasa,DC=de,DC=hotello"
Emily,Brown,emilybrown187,Pass187!,"OU=HR,DC=lacasa,DC=de,DC=hotello"
Chris,Davis,chrisdavis188,Pass188!,"OU=Finance,DC=lacasa,DC=de,DC=hotello"
Jane,Doe,janedoe189,Pass189!,"OU=Marketing,DC=lacasa,DC=de,DC=hotello"
James,Garcia,jamesgarcia190,Pass190!,"OU=Marketing,DC=lacasa,DC=de,DC=hotello"
Anna,Garcia,annagarcia191,Pass191!,"OU=Finance,DC=lacasa,DC=de,DC=hotello"
Sarah,Rodriguez,sarahrodriguez192,Pass192!,"OU=Marketing,DC=lacasa,DC=de,DC=hotello"
Laura,Doe,lauradoe193,Pass193!,"OU=Marketing,DC=lacasa,DC=de,DC=hotello"
David,Doe,daviddoe194,Pass194!,"OU=HR,DC=lacasa,DC=de,DC=hotello"
Michael,Doe,michaeldoe195,Pass195!,"OU=Finance,DC=lacasa,DC=de,DC=hotello"
Michael,Johnson,michaeljohnson196,Pass196!,"OU=IT,DC=lacasa,DC=de,DC=hotello"
Michael,Garcia,michaelgarcia197,Pass197!,"OU=Finance,DC=lacasa,DC=de,DC=hotello"
Emily,Jones,emilyjones198,Pass198!,"OU=HR,DC=lacasa,DC=de,DC=hotello"
Sarah,Smith,sarahsmith199,Pass199!,"OU=IT,DC=lacasa,DC=de,DC=hotello"
Michael,Jones,michaeljones200,Pass200!,"OU=Marketing,DC=lacasa,DC=de,DC=hotello"
Sarah,Williams,sarahwilliams201,Pass201!,"OU=Finance,DC=lacasa,DC=de,DC=hotello"
Anna,Garcia,annagarcia202,Pass202!,"OU=IT,DC=lacasa,DC=de,DC=hotello"
David,Smith,davidsmith203,Pass203!,"OU=Marketing,DC=lacasa,DC=de,DC=hotello"
Laura,Doe,lauradoe204,Pass204!,"OU=HR,DC=lacasa,DC=de,DC=hotello"
Michael,Garcia,michaelgarcia205,Pass205!,"OU=HR,DC=lacasa,DC=de,DC=hotello"
Emily,Doe,emilydoe206,Pass206!,"OU=Finance,DC=lacasa,DC=de,DC=hotello"
James,Martinez,jamesmartinez207,Pass207!,"OU=Finance,DC=lacasa,DC=de,DC=hotello"
Emily,Doe,emilydoe208,Pass208!,"OU=Finance,DC=lacasa,DC=de,DC=hotello"
Chris,Smith,chrissmith209,Pass209!,"OU=HR,DC=lacasa,DC=de,DC=hotello"
David,Doe,daviddoe210,Pass210!,"OU=HR,DC=lacasa,DC=de,DC=hotello"
Sarah,Garcia,sarahgarcia211,Pass211!,"OU=Finance,DC=lacasa,DC=de,DC=hotello"
Anna,Davis,annadavis212,Pass212!,"OU=IT,DC=lacasa,DC=de,DC=hotello"
Emily,Brown,emilybrown213,Pass213!,"OU=Marketing,DC=lacasa,DC=de,DC=hotello"
John,Davis,johndavis214,Pass214!,"OU=HR,DC=lacasa,DC=de,DC=hotello"
James,Rodriguez,jamesrodriguez215,Pass215!,"OU=HR,DC=lacasa,DC=de,DC=hotello"
John,Rodriguez,johnrodriguez216,Pass216!,"OU=Marketing,DC=lacasa,DC=de,DC=hotello"
Chris,Garcia,chrisgarcia217,Pass217!,"OU=Marketing,DC=lacasa,DC=de,DC=hotello"
David,Brown,davidbrown218,Pass218!,"OU=Finance,DC=lacasa,DC=de,DC=hotello"
Emily,Martinez,emilymartinez219,Pass219!,"OU=Finance,DC=lacasa,DC=de,DC=hotello"
Anna,Brown,annabrown220,Pass220!,"OU=Finance,DC=lacasa,DC=de,DC=hotello"
David,Johnson,davidjohnson221,Pass221!,"OU=Finance,DC=lacasa,DC=de,DC=hotello"
John,Doe,johndoe222,Pass222!,"OU=HR,DC=lacasa,DC=de,DC=hotello"
Jane,Jones,janejones223,Pass223!,"OU=Finance,DC=lacasa,DC=de,DC=hotello"
Sarah,Williams,sarahwilliams224,Pass224!,"OU=IT,DC=lacasa,DC=de,DC=hotello"
Emily,Jones,emilyjones225,Pass225!,"OU=HR,DC=lacasa,DC=de,DC=hotello"
James,Johnson,jamesjohnson226,Pass226!,"OU=Finance,DC=lacasa,DC=de,DC=hotello"
Emily,Smith,emilysmith227,Pass227!,"OU=HR,DC=lacasa,DC=de,DC=hotello"
Sarah,Martinez,sarahmartinez228,Pass228!,"OU=Marketing,DC=lacasa,DC=de,DC=hotello"
Sarah,Johnson,sarahjohnson229,Pass229!,"OU=Finance,DC=lacasa,DC=de,DC=hotello"
James,Williams,jameswilliams230,Pass230!,"OU=HR,DC=lacasa,DC=de,DC=hotello"
Chris,Williams,chriswilliams231,Pass231!,"OU=IT,DC=lacasa,DC=de,DC=hotello"
John,Martinez,johnmartinez232,Pass232!,"OU=Marketing,DC=lacasa,DC=de,DC=hotello"
Chris,Brown,chrisbrown233,Pass233!,"OU=IT,DC=lacasa,DC=de,DC=hotello"
Anna,Doe,annadoe234,Pass234!,"OU=Marketing,DC=lacasa,DC=de,DC=hotello"
Chris,Jones,chrisjones235,Pass235!,"OU=IT,DC=lacasa,DC=de,DC=hotello"
Anna,Doe,annadoe236,Pass236!,"OU=Marketing,DC=lacasa,DC=de,DC=hotello"
John,Williams,johnwilliams237,Pass237!,"OU=Marketing,DC=lacasa,DC=de,DC=hotello"
Laura,Rodriguez,laurarodriguez238,Pass238!,"OU=Marketing,DC=lacasa,DC=de,DC=hotello"
Anna,Doe,annadoe239,Pass239!,"OU=Marketing,DC=lacasa,DC=de,DC=hotello"
Anna,Johnson,annajohnson240,Pass240!,"OU=Finance,DC=lacasa,DC=de,DC=hotello"
Anna,Martinez,annamartinez241,Pass241!,"OU=HR,DC=lacasa,DC=de,DC=hotello"
Michael,Davis,michaeldavis242,Pass242!,"OU=Marketing,DC=lacasa,DC=de,DC=hotello"
Michael,Smith,michaelsmith243,Pass243!,"OU=Finance,DC=lacasa,DC=de,DC=hotello"
Chris,Jones,chrisjones244,Pass244!,"OU=Finance,DC=lacasa,DC=de,DC=hotello"
Emily,Williams,emilywilliams245,Pass245!,"OU=HR,DC=lacasa,DC=de,DC=hotello"
Chris,Brown,chrisbrown246,Pass246!,"OU=Finance,DC=lacasa,DC=de,DC=hotello"
Sarah,Smith,sarahsmith247,Pass247!,"OU=Marketing,DC=lacasa,DC=de,DC=hotello"
Chris,Johnson,chrisjohnson248,Pass248!,"OU=Finance,DC=lacasa,DC=de,DC=hotello"
Emily,Jones,emilyjones249,Pass249!,"OU=Marketing,DC=lacasa,DC=de,DC=hotello"
